container_id,album_title,unique_users,consumption_time,avg_time_per_user,score_poplite,score_hidden_gem,genres,epochs,is_atmos
28948675234,Mussorgsky: Pictures at an Exhibition,582,197.7333333,0.3397479953608247,1.668736053416891,0.0140830075005536,Solo Instrumental,Romantic,False
28948678006,Yuri Temirkanov Conducts Tchaikovsky (Live),466,317.05,0.6803648068669528,3.161100620398658,0.0315172910653991,Orchestral,Romantic,False
28948769957,Erkki-Sven Tüür: Aeris,430,112.6694444,0.2620219637209302,1.193176829205353,0.0126358211255414,Orchestral,Contemporary,False
28948676378,"Rachmaninoff: Piano Concerto No. 2 in C Minor, Op. 18",429,192.4333333,0.4485625484848484,2.04144335375847,0.0216568039182047,Concerto,20th Century,False
28948672042,"Tchaikovsky: Piano Concerto No. 1 in B-Flat Minor, Op. 23 / Schumann: Papillons, Op. 2",400,202.8444444,0.507111111,2.267869832682883,0.02535555555,Solo Instrumental,Romantic,False
28948784257,Sacred Treasures of Rome (Palestrina & His Contemporaries – A Golden Age of Polyphony in Rome),379,262.9361111,0.6937628261213721,3.0610528495940605,0.0356362026836408,Choral Music,Renaissance,True
28948675371,BLACK SEA - EP,363,47.09722222,0.1297444138292011,0.5663244665154751,0.0068098156591035,Choral Music | Chamber Music,,True
4260183516361,Mahler – Songs of Fate,360,133.3361111,0.3703780863888889,1.6133214525077824,0.0195206391400582,Song,Classical,False
28948663361,The Blue Notebooks (20 Year Edition),358,189.4722222,0.5292520173184357,2.302148205185109,0.0279718382837282,Solo Instrumental | Chamber Music,Contemporary,True
28948674398,"Rachmaninoff: Piano Concerto No. 2 in C Minor, Op. 18 / Kapustin: 8 Concert Etudes, Op. 40",354,180.8888889,0.5109855618644068,2.216457685721931,0.0271585761981858,Solo Instrumental | Concerto,Contemporary | 20th Century,False
28948782260,A Dark Flaring: Works for String Quartet from South Africa,329,126.1527778,0.3834430936170213,1.6330515507043872,0.0211399020597547,Chamber Music,,False
28948675791,Pergolesi: Stabat Mater (Live),316,151.3166667,0.4788502110759494,2.018930894545936,0.0269374289418711,Song,,False
602475342892,After the Last Sky,304,175.7166667,0.5780153509868421,2.4135581597067914,0.0331514539837741,,,False
28948672417,"Grieg: Piano Concerto in A Minor, Op. 16 / Rachmaninoff: Rhapsody on a Theme of Paganini, Op. 43",291,153.1194444,0.5261836577319587,2.173254576468917,0.0308454322875213,Orchestral,20th Century,False
28948675012,Bruno Hoffmann: The Art of the Glass Harp (Recordings on Archiv Produktion),272,59.42222222,0.2184640522794117,0.8872013849896186,0.0132463288668893,Solo Instrumental | Chamber Music,Romantic,False
28948713219,Lumina,261,141.4361111,0.5419008088122605,2.1781105873981765,0.0335428179836035,Song,20th Century,True
28948676019,"Liszt: Via crucis, S. 53",223,64.09444444,0.2874190333632287,1.1106871317061715,0.0192470020657172,Choral Music,,False
28948769414,Fauré: La bonne chanson & Other Songs,222,77.35277778,0.3484359359459459,1.3449656205522194,0.0233854888264287,Song,,True
28948673612,Chopin,217,131.3638889,0.6053635433179724,2.32343858018186,0.041094755043275,Solo Instrumental,Romantic,False
28948765263,Weir: In the Land of Uz & Beach: The Canticle of the Sun,212,21.56388889,0.1017164570283019,0.3881281924566967,0.006985914950135,Choral Music,Contemporary,True
28948775316,Swans,201,103.0111111,0.5124930900497512,1.929687699560934,0.0361484754224417,Chamber Music,Romantic | 20th Century,False
602465976571,The Old Country (Live at the Deer Head Inn),193,98.96666667,0.5127806563212435,1.9112652388306248,0.0369107593099284,,,False
28948668953,"No. 5, Es kehret der Maien, es blühet die Au",192,124.377777775,0.6478009259114583,2.411386757536169,0.0467510048695336,Solo Instrumental,Classical,False
28948672769,Richard Strauss,191,172.4472222,0.9028650376963352,3.3564576948201954,0.0653290213283453,Chamber Music | Orchestral,20th Century | Romantic,True
28948672035,Chopin: Piano Sonatas Nos. 2 & 3,181,106.3972222,0.5878299569060773,2.156112207472048,0.0436930565957011,Solo Instrumental,Romantic,False
28948768011,Mládí,181,28.89722222,0.159653161436464,0.585594739244748,0.0118669260325577,,,True
28948671694,"Handel: Apollo e Dafne, HWV 122",176,60.93888889,0.346243686875,1.2611305042101546,0.0260990998953108,,,False
28948677627,Back to Nature: Čiurlionis & Gražinis,169,74.94722222,0.4434746876923077,1.5989707258449943,0.0341134375147929,Orchestral,,False
28948775972,"Kalabis: Duettina, Chamber Music & Diptych",163,40.09722222,0.2459952283435582,0.8789690520828836,0.0192678333247265,Chamber Music | Orchestral,Contemporary,True
28948666485,Year of the Dragon - Songs from China,160,97.79722222,0.611232638875,2.1738848329103377,0.0483221829770044,Solo Instrumental,Contemporary,True
28947645825,Johann Sebastian Bach: Six Sonatas for Violin and Piano,153,115.9416667,0.75778867124183,2.6651457599920167,0.0612635830083631,Chamber Music,Baroque,False
28948767168,Morales: Requiem a 5 & Officium defunctorum,146,95.53611111,0.6543569254109589,2.274588908557886,0.054154964471785,Choral Music,,False
28948680818,Ben-Haim: Symphony No. 2,145,60.04444444,0.4140996168275862,1.43696711429143,0.0343891013866967,Orchestral,20th Century,False
28948667499,Searching,141,54.77222222,0.3884554767375887,1.3385852248506416,0.032713852598337,Solo Instrumental,Contemporary,False
28948675494,Fischer-Dieskau Lieder A-Z: Schubert (Complete Lieder Recordings on DG & Decca),127,238.8083333,1.880380577165354,6.312431623561712,0.1668567945327306,Song,Romantic,True
28948364770,"Chopin: Nocturnes, Mazurkas, Berceuse, Sonata, Opp. 55-58",126,166.7916667,1.3237433865079369,4.4350287516186615,0.1179284338171565,Solo Instrumental,Romantic,False
28948678228,The Trap (Original Motion Picture Soundtrack),126,20.66111111,0.1639770723015873,0.5493836929997999,0.0146082386628285,,,False
28947949633,Treasures Of Bel Canto,122,62.55277778,0.5127276867213115,1.7040280019302605,0.0464201836339686,Opera,,False
28948769087,Beethoven: The Piano Concertos,121,116.3222222,0.9613406793388428,3.188406329072308,0.087394607212622,Concerto,Classical,False
28948777334,"Hough: Piano Concerto, Sonatina & Partita",121,43.31111111,0.3579430670247934,1.1871628496302742,0.0325402788204357,Concerto,Contemporary,True
28947943464,Verdi: La Traviata,120,80.075,0.6672916666666667,2.208569207422695,0.0609151163780919,Opera,,True
28947590781,Maria,120,43.84444444,0.3653703703333333,1.2092849192224684,0.0333535989459305,Opera,Romantic,True
28948670369,Boulez A-Z: Stravinsky - Varèse,119,47.85277778,0.4021241830252101,1.3281494046251654,0.0368626634197907,Orchestral,20th Century,True
28948665433,Schumann,116,63.75555556,0.549616858275862,1.8037425177810071,0.0510306441826724,Chamber Music | Concerto,,True
28948680252,"Liszt: Songs, Vol. III ""Un cycle imaginaire""",116,59.27222222,0.5109674329310345,1.676902136645395,0.0474421351277942,Song,Romantic,False
28947638780,"Arvo Pärt: Tabula Rasa, Fratres, Cantus in memoriam Benjamin Britten",116,51.67777778,0.4454980843103448,1.4620436476081204,0.0413634587116191,Chamber Music | Concerto,,False
28948661633,Karajan: Wagner - Wolf-Ferrari,115,96.06666667,0.8353623188695652,2.735579506104414,0.0778979378968647,Opera,Romantic,False
28947948766,"Beethoven: Symphony No.6 ""Pastoral"" / Schubert: Symphony No.5",115,75.73055556,0.6585265700869565,2.1564915590074536,0.0614079192960088,Orchestral,Classical,False
28948382446,Beethoven: Triple Concerto & Symphony No. 7 (Live),115,68.66388889,0.5970772946956522,1.955262254514889,0.0556777448194814,Orchestral | Concerto,Classical,True
28943043328,The Three Tenors - In Concert - Rome 1990,115,45.61666667,0.3966666666956522,1.2989731277750003,0.0369893573962353,Opera | Song,Romantic | 20th Century,True
28948640584,Abbado A-Z: Schumann – Tchaikovsky,112,148.0833333,1.32217261875,4.301229984354665,0.1249335692682684,Orchestral | Concerto,20th Century | Romantic,True
28948672783,SIENA TAPES,110,27.18333333,0.2471212120909091,0.8003099138105568,0.0235620830737707,Solo Instrumental,Contemporary | 20th Century,False
28948759804,"Beethoven: Piano Sonatas, Op. 2/3 & 106",107,60.01388889,0.5608774662616822,1.8039061393251776,0.0542220712518646,Solo Instrumental,Classical,True
28948652051,Bernstein: Mendelssohn - Mozart,106,128.3416667,1.2107704405660376,3.884975425247916,0.1176004211481868,Orchestral | Choral Music,Classical,True
28948642076,For Clara: Works by Schumann & Brahms,105,46.98055556,0.4474338624761905,1.4322742162491582,0.0436650739030158,Solo Instrumental | Song,Romantic,True
28948627714,The New Four Seasons - Vivaldi Recomposed,104,50.16111111,0.4823183760576923,1.5402532840114125,0.0472952079092799,Concerto,Contemporary,True
28948669011,Till Next Christmas EP,103,32.66388889,0.3171251348543689,1.010275848848441,0.0312472680213809,,,True
28948398522,Paris,100,41.98611111,0.4198611111,1.327717412005004,0.04198611111,Concerto,,False
28947923091,"Rachmaninoff: Piano Concerto No. 3 in D Minor, Op. 30 / Prokofiev: Piano Concerto No. 2 in G Minor, Op. 16 (Live)",98,57.07222222,0.582369614489796,1.8323364722582,0.0588282147946757,Concerto,20th Century,False
28948680085,Shepherd: On a Clear Day,98,20.1,0.2051020408163265,0.6453220438906159,0.0207184348423463,Choral Music,Contemporary,False
28947969785,Sleep,97,161.8916667,1.6689862546391754,5.237761191926751,0.1694598793308608,Chamber Music,Contemporary,True
28948670321,Boulez A-Z: Debussy - Liszt,97,85.44444444,0.8808705612371134,2.7644263863371137,0.0894388546331202,Concerto | Orchestral,20th Century | Romantic,False
28948755349,"Bach: Preludes, Inventions & Sinfonias",97,41.13611111,0.4240836196907216,1.3308969556661243,0.0430591676948958,Solo Instrumental,Baroque,True
28947948797,Dvorák: Cello Concerto / Tchaikovsky: Variations On A Rococo Theme,91,50.13611111,0.550946275934066,1.701647499636522,0.0577548626910091,Chamber Music,Romantic,False
602478322280,Einaudi Vs Einaudi,90,23.91388889,0.2657098765555555,0.8184050960709567,0.0280082802239243,,,True
28948758791,Brahms & Schumann: Violin Sonatas,89,56.73055556,0.6374219725842697,1.9578279834289969,0.0675665939608798,Chamber Music,,False
28948652075,Bernstein: Sibelius – Stravinsky,88,76.13611111,0.8651830807954546,2.649895123752465,0.0922288263021724,Orchestral,20th Century,False
28948667383,"My Brilliant Friend, Season 4 (Original Soundtrack)",88,28.01388889,0.3183396464772727,0.9750152258197518,0.0339351203366731,Concerto | Chamber Music,Contemporary,True
28948675487,Fischer-Dieskau Lieder A-Z: Schumann (Complete Lieder Recordings on DG & Decca),85,61.34166667,0.7216666667058824,2.191247216478709,0.0782757402004853,Song,Romantic,False
28948591701,Arvo Pärt: Tractus,84,33.87777778,0.4033068783333333,1.2209712854244013,0.044004388053782,Choral Music,Contemporary,False
28948665396,"Beethoven: Piano Sonata No. 29 ""Hammerklavier""; An die ferne Geliebte (Arr. Liszt)",83,57.44166667,0.69206827313253,2.088903911844316,0.075964361862735,Solo Instrumental,Classical,True
28948677757,"Bartók: Piano Quintet in C Major; Contrasts for Clarinet, Violin & Piano",83,50.25277778,0.6054551539759037,1.827475248738028,0.0664573369331091,,,False
28948667529,Una Corda Diaries,82,16.88611111,0.2059281842682927,0.6196825307784563,0.0227409636505697,Solo Instrumental,Contemporary,False
28948365722,Beethoven Brahms (Live),81,81.71666667,1.0088477366666666,3.02654321,0.1120941929629629,Solo Instrumental,Classical | Romantic,False
28947969150,Beethoven: The Late Piano Sonatas Nos. 28-32,81,63.59722222,0.7851508916049382,2.355452674814815,0.0872389879561042,Solo Instrumental,Classical,False
28948642793,SLEEP: Tranquility Base,80,47.5,0.59375,1.7757266777001994,0.066383268082025,,Contemporary,True
28948703814,"Shostakovich: Symphonies 4, 5 & 6",79,58.03333333,0.7345991560759494,2.1900659744588555,0.0826488622531518,Orchestral,Romantic | 20th Century,False
602465001808,Joe Hisaishi in Vienna: Symphony No. 2; Viola Saga,79,28.99166667,0.3669831224050633,1.0940895356772,0.041288827086199,Orchestral,Contemporary,True
28947927495,Shostakovich: Complete Symphonies,78,86.93055556,1.114494302051282,3.3120852235580576,0.1261916302897676,Orchestral,20th Century,False
28947788638,Tchaikovsky / Liszt: First Piano Concertos,78,36.81944444,0.4720441594871795,1.4028339872413542,0.0534484760889422,Concerto,Romantic,True
28948641864,Bach Generations,77,65.00555556,0.8442279942857144,2.50081997977572,0.0962087088921639,Concerto | Orchestral,Baroque | Classical,True
602465381474,In A Landscape,75,52.65277778,0.7020370370666666,2.065976325206984,0.0810642544663054,,,True
28948114009,Franz Schubert: Moments musicaux,75,40.32222222,0.5376296296,1.5821531170554513,0.0620801222747757,Solo Instrumental,Romantic,False
28948761920,"II. Girotondo. Allegro ma non tanto, molto ritmato –",75,35.638888889,0.4751851851866667,1.3983896729817744,0.0548696589164888,Concerto,20th Century,False
602475104797,Arcanum,75,16.88333333,0.2251111110666666,0.6624639462726936,0.0259935921143831,,,False
28947975731,Schubert: Forellenquintett - Trout Quintet,74,37.99166667,0.5134009009459459,1.5057905122583293,0.0596816424639156,Chamber Music,Classical,False
28947954170,Beethoven: Violin Concerto,73,36.95833333,0.5062785387671234,1.4798586419376454,0.0592554209780847,Concerto,Classical,False
28948659135,Fantasia,73,36.09444444,0.4944444443835616,1.445267432747411,0.0578703449954054,Solo Instrumental,Baroque,True
28948180172,"J.S. Bach: The Well-Tempered Clavier, Book I (Live in Troy, NY / 1987)",72,49.13055556,0.6823688272222221,1.9877067053157904,0.0804179374998574,Solo Instrumental,Baroque,False
28947935452,Scandale,72,27.525,0.3822916666666666,1.113596751353673,0.0450535049818512,Orchestral | Chamber Music,20th Century,True
28948394579,I Am Hera,71,36.03888889,0.5075899843661972,1.4734236325031511,0.0602398483328707,Opera,Classical,True
28947993759,J.S. Bach: Violin Concertos Nos. 1 & 2; Partita No. 2,70,33.42222222,0.4774603174285715,1.381057600928077,0.0570674231212509,Concerto | Solo Instrumental,Baroque,False
28946656921,Cecilia Bartoli - The Vivaldi Album,70,20.25833333,0.2894047618571428,0.8371054756134376,0.0345904851049264,Opera,,False
28948392124,Schumann & Brahms Lieder,69,65.58611111,0.95052334942029,2.739523702819751,0.1144295642979042,Song,Romantic,False
28948640713,Mozart: The Violin Concertos,69,62.13333333,0.9004830917391304,2.5953016044395785,0.1084054251883261,Concerto,Classical,True
28947754138,Brahms: Piano Concerto No.1,69,52.73333333,0.7642512076811594,2.202664773703942,0.0920050336085257,Concerto,Romantic,False
28948617357,Nightscapes,69,49.65277778,0.7196054750724638,2.0739903515702114,0.0866303190017887,Solo Instrumental,Romantic | Contemporary,True
28948755608,Schubert: String Quartets D. 112 & 887,69,45.68055556,0.6620370371014493,1.9080711235448424,0.079699893485833,Chamber Music,Classical,True
28941904522,Vladimir Horowitz - The Last Romantic,69,33.01944444,0.4785426730434782,1.3792180869758517,0.0576097679322834,Solo Instrumental,Romantic | Classical,False
28947952077,"Shostakovich Under Stalin's Shadow - Symphonies Nos. 5, 8 & 9; Suite From ""Hamlet"" (Live)",68,83.36111111,1.2258986927941176,3.520317301745859,0.1486620528440224,Orchestral,20th Century,True
28948652877,SCRIABIN – SCARLATTI,68,56.40277778,0.8294526144117648,2.3818741358120183,0.1005859041371889,Solo Instrumental,Classical | Contemporary,True
28947963394,"Chopin: Piano Concerto No.1 In E Minor, Op.11 / Liszt: Piano Concerto No.1 In E Flat, S.124",68,52.76944444,0.7760212417647059,2.228439446068809,0.0941063984564371,Concerto,Romantic,True
28947959366,Bach,68,34.94444444,0.5138888888235293,1.4756944902006222,0.0623181814250206,Concerto | Solo Instrumental,,False
602448797032,Shostakovich: Violin Concertos 1 & 2,68,30.98888889,0.4557189542647059,1.3086524431925488,0.0552640407067472,Concerto,,False
28947985327,Visions Of Prokofiev,68,30.56388889,0.4494689542647059,1.290704807498637,0.0545061168785087,Concerto | Orchestral,20th Century,False
28947450429,"Elgar: Violin Concerto, op.61 / Vaughan Williams: The Lark Ascending",68,29.14722222,0.4286356208823529,1.2308793550448316,0.051979704111769,Concerto,20th Century,False
28947799818,Chopin: 24 Préludes; Nocturnes; Mazurkas; Scherzo,68,28.93055556,0.4254493464705882,1.2217295802667216,0.0515933115837717,Solo Instrumental,Romantic,False
28948670314,Boulez A-Z: Boulez - Bruckner,68,26.74444444,0.3933006535294117,1.1294106956357342,0.047694709915477,Solo Instrumental | Song,Romantic,False
28947641711,Kissine/Tchaikovsky Piano Trios,68,25.32777778,0.3724673202941176,1.0695852436042264,0.0451682971665709,Chamber Music,Contemporary,False
28948657742,LIFE,68,20.3,0.2985294117647059,0.8572635402033203,0.0362020087370408,Chamber Music,Classical,True
28948770892,Ngwenyama: Flow,68,14.38888889,0.2116013072058823,0.6076389078538731,0.0256604276508418,Chamber Music,Contemporary,True
28948388271,Mozart: Piano Concertos Nos. 25 & 27,67,52.99444444,0.7909618573134328,2.262946265649799,0.0966313706150132,Concerto,Classical,True
28947920748,Meditation,66,88.64166667,1.3430555556060606,3.828070801033298,0.1653187108076261,Song | Choral Music | Opera,Romantic,False
28947795681,Chopin: The Nocturnes,66,87.42777778,1.3246632996969696,3.775647907939385,0.1630547806053026,Solo Instrumental,Romantic,False
28948353347,Silver Age,66,35.64722222,0.5401094275757576,1.5394576348202975,0.0664828747322939,Solo Instrumental | Concerto,,True
28943901727,"Strauss, R.: An Alpine Symphony Op.64",66,33.0,0.5,1.4251349413858991,0.0615457454896663,Orchestral,20th Century,True
28948670307,Boulez A-Z: Berg - Birtwistle,65,44.82777778,0.6896581196923076,1.9582232060770173,0.0855415618333279,Opera | Orchestral,Romantic,False
602448796738,Paganini: 24 Caprices,65,23.10555556,0.3554700855384615,1.009325853914632,0.0440906377141663,Solo Instrumental,,False
28948675326,ITALY - EP,65,8.186111111,0.1259401709384615,0.3575959714924133,0.0156209556764716,Song,,True
28947987857,Home For Christmas,64,33.99722222,0.5312065971875,1.502479148329248,0.0664008246484375,Song,,False
28948375363,Across The Stars (Deluxe Edition),63,20.16388889,0.3200617284126984,0.90171414739843,0.0403239875033093,Orchestral,,True
28947856979,Rachmaninov: Symphony No.2; Vocalise,62,134.1111111,2.163082437096774,6.069752651466827,0.2747117442231719,Orchestral,20th Century,False
28948355648,Adagietto,62,31.26388889,0.5042562724193549,1.4149765140916934,0.0640406106379007,Solo Instrumental | Opera,Romantic | 20th Century,False
28948352494,"J.S. Bach: Goldberg Variations, BWV 988",62,29.76944444,0.4801523296774194,1.3473392535511133,0.0609794068484696,Solo Instrumental,,False
28948662609,Études Mélodiques (Deluxe),62,29.50555556,0.4758960574193548,1.3353958715603529,0.060438859731148,Solo Instrumental,Contemporary,True
28948605347,Amata dalle tenebre,62,21.98055556,0.3545250896774193,0.9948208936360377,0.0450247314137861,Opera,Romantic | 20th Century,True
602465210477,Ashes to Gold,62,20.44444444,0.3297491038709678,0.9252978357246364,0.0418781780698119,,,False
4009350034020,Kinderlieder zum Mitsingen (LIEDERPROJEKT),62,5.966666667,0.0962365591451613,0.270046161912993,0.0122220552334968,,,False
28948352258,"Shostakovich: Symphonies Nos. 4 & 11 ""The Year 1905"" (Live)",61,86.52777778,1.4184881603278687,3.9642238858809153,0.1816187982701338,Orchestral,Romantic,True
28947753254,Chopin / Rachmaninov: Piano Sonatas,61,36.39722222,0.5966757740983607,1.6675192800061718,0.0763965044470995,Solo Instrumental,Romantic | 20th Century,False
28948757619,A Monk's Life,61,25.10277778,0.4115209472131148,1.1500703453918832,0.0526898581081971,Choral Music,Renaissance,True
28948679805,Dénes Várjon plays Béla Bartók,61,23.03888889,0.3776867031147541,1.0555143791408537,0.0483578270589551,Solo Instrumental,20th Century,False
28948649693,"Shostakovich: Symphonies Nos. 2, 3, 12 & 13",60,38.44166667,0.6406944444999999,1.7831536661228813,0.082713297118537,Orchestral,20th Century,True
28947569244,Opera Proibita,60,30.98611111,0.5164351851666666,1.4373205537367366,0.0666714957182014,Song,,False
28948600250,Beethoven: Piano Concerto No. 2,60,25.96111111,0.4326851851666667,1.204231097725711,0.055859417210039,Concerto,Classical,False
28947953531,Rachmaninov: Piano Concerto No. 2; Paganini Rhapsody (Live),60,18.86388889,0.3143981481666666,0.8750196218154292,0.0405886263975983,Orchestral,20th Century,False
28947464129,"Bach: Complete Sonatas, Partitas & Suties for Violin, Cello & Guitar",59,61.21111111,1.0374764594915251,2.8753535603320777,0.1350679304294425,Solo Instrumental,Baroque,False
28947953593,Vivaldi: The Four Seasons (Live),59,28.79722222,0.4880885122033898,1.352731455718073,0.0635437118660098,Concerto | Chamber Music,Baroque,True
602475342960,Watersong,59,18.76388889,0.3180320150847457,0.8814219142106506,0.04140424170092,,,False
28948659852,Ivry Gitlis in Verbier (Live),59,10.18611111,0.1726459510169491,0.4784861819195399,0.0224765883481452,Chamber Music,20th Century,False
28947960577,"Bach, J.S.: Cello Suites, BWV 1007-1012",58,44.15555556,0.7613026820689656,2.10094342736467,0.0999639395090153,Solo Instrumental,Baroque,False
28947963578,Wagner: Das Rheingold,58,34.075,0.5875,1.621305549879738,0.077142529305087,Opera,,False
28942328723,Mozart: Piano Concerto No. 23 K. 488; Piano Sonata K. 333,58,27.61666667,0.4761494253448276,1.314014818525305,0.0625214825502361,Concerto | Solo Instrumental,Classical,False
28947771586,Tchaikovsky: Piano Concerto No.1; Variations on a Rococo Theme,58,17.58611111,0.3032088122413793,0.836755966058539,0.0398132675470489,Chamber Music,Romantic,False
4009350035003,Wiegenlieder zum Mitsingen (LIEDERPROJEKT),58,13.40833333,0.2311781608620689,0.6379752088794267,0.0303551796578694,Song,,False
28948624935,Spirits,57,41.68888889,0.7313840156140351,2.009621084140185,0.0968741794120954,Chamber Music,Romantic | 20th Century,True
28948360888,None but the Lonely Heart,57,34.33611111,0.6023879142105263,1.655178985846942,0.0797882283876763,Concerto,Romantic,False
28947493020,Brahms: Complete Symphonies; Orchestral Works; Concertos (5 CDs),56,69.10555556,1.234027777857143,3.375762951000907,0.1649038982322647,Orchestral,Romantic,False
28946360422,"Bach, J.S.: Toccata BWV 911; Partita No. 2; English Suite No. 2",56,31.68333333,0.5657738094642857,1.5477109177823414,0.0756047054794741,Solo Instrumental,Baroque,False
28948635207,Trifonov Plays Chamber Music (Live),56,29.88611111,0.5336805555357144,1.4599177420263922,0.0713160640284938,Chamber Music,,False
28948624546,"Lieder (Berg, Schumann, Wolf, Shostakovich, Brahms)",56,29.34166667,0.5239583333928571,1.4333219733571902,0.0700168774464695,Song,Romantic,True
28948707119,Tchaikovsky: Violin Concerto,56,26.43611111,0.4720734126785714,1.2913874106141612,0.0630834632731557,Concerto | Orchestral,Romantic,False
28948638581,"Gershwin: Rhapsody in Blue; Prelude for Piano No. 2 / Bernstein: Symphonic Dances From ""West Side Story""",56,23.84444444,0.4257936507142857,1.1647861228445575,0.0568990699441625,Orchestral,20th Century,True
28946364123,Mendelssohn / Bruch: Violin Concertos,55,61.24722222,1.1135858585454546,3.032594755356849,0.1501558865344713,Concerto,Romantic,False
28948612819,"Mahler: Symphony No.1 (Live from Walt Disney Concert Hall, Los Angeles / 2009)",55,60.80277778,1.1055050505454544,3.0105885348469603,0.1490662706060329,Orchestral,Romantic,True
28947959816,Early Recordings,55,29.66666667,0.5393939394545455,1.4689152338893103,0.0727318639587521,Solo Instrumental,20th Century | Classical,False
28946364925,Mozart: Piano Concerto K. 466 / Beethoven: Piano Concerto No. 3; Rondo WoO. 6,55,28.23611111,0.5133838383636363,1.3980827106947165,0.0692246626431229,Concerto,Classical,False
28948663156,Weinberg: The Passenger,55,12.01388889,0.2184343434545454,0.5948556541615174,0.0294536808628606,Opera,20th Century,True
28947954477,Mahler: 10 Symphonien,54,103.6055556,1.9186214,5.201010423626177,0.2610913021991279,Orchestral,Romantic | 20th Century,False
28946314326,Beethoven: The String Quartets,54,47.34722222,0.8768004114814815,2.376835825741809,0.1193174230217755,Chamber Music,Classical,False
28943995320,"Mahler: Symphony No. 2 ""Resurrection""",54,37.54444444,0.6952674896296296,1.8847352900223608,0.0946139213521326,Orchestral,Romantic,False
28948398980,Christmas with Hope,54,12.60833333,0.2334876542592592,0.6329397366204882,0.03177364523192,Chamber Music | Concerto,,False
28945606125,Schubert: The Complete Impromptus/Moments Musicaux (2 CDs),53,107.2,2.0226415094339623,5.457426346244279,0.2778311784018766,Solo Instrumental,Romantic,False
28947949107,"Beethoven: Piano Sonatas, Rondo, Andante favori, Für Elise",53,30.94444444,0.5838574422641509,1.5753453951189205,0.0801989875350429,Solo Instrumental,Classical,True
28947963653,"Strauss, R.: Four Last Songs; Orchestral Works",53,24.66944444,0.4654612158490566,1.2558925003177746,0.0639360151052688,Song | Chamber Music,20th Century,True
602448795892,"Bach: Cantatas 54, 82 & 170 ""Widerstehe"", ""Ich habe genug"" & ""Vergnügte Ruh""",53,22.11666667,0.4172955975471698,1.1259335762682905,0.0573199586123844,Song,,False
28948658473,Mahler: Symphony No. 9 (Live),53,17.68888889,0.3337526205660377,0.9005205994782997,0.0458444481803037,Orchestral,Classical,False
28948660704,Avi Avital: The Verbier Recital (Live),53,13.84166667,0.2611635220754717,0.7046630257536317,0.0358735686751126,Solo Instrumental,Contemporary,False
28948362820,"The Berlin Recital (Live at Philharmonie, Berlin / 2018)",52,23.70277778,0.4558226496153846,1.2240431763259687,0.0632112282963894,Solo Instrumental,,False
28948229772,The Christmas Album,52,19.77777778,0.3803418803846154,1.0213509217863648,0.0527439289205047,Orchestral | Chamber Music | Choral Music,Baroque | 20th Century,True
28943051323,Cecilia Bartoli – Mozart Arias,52,16.97777778,0.3264957265384615,0.8767551733249913,0.0452768108943958,Opera,Classical,False
28948640577,Abbado A-Z: Schoenberg – Schubert,51,82.1,1.6098039215686273,4.301951650393118,0.2254176370562737,Orchestral | Song,20th Century | Romantic,True
28948644742,The Symphonies: A Beethoven Journey,51,52.61388889,1.0316448801960785,2.756911158878632,0.1444591779528031,Orchestral,Classical,False
28948630745,Soirée de Vienne,51,44.84166667,0.8792483660784314,2.3496550784090693,0.1231193975933796,Solo Instrumental,Romantic,True
28947759515,"Mozart: Violin Sonatas K.301, 304, 376 & 526",51,36.58333333,0.717320261372549,1.9169272983663224,0.1004449275869747,Chamber Music,Classical,False
28944890822,J.S. Bach: Italian Concerto; 4 Duets; French Overture etc.,51,19.93611111,0.3909041394117646,1.0446307684785028,0.0547375281182402,Solo Instrumental,Baroque,False
28948398225,Reflections Pt. 4 / Debussy: Pour le piano,51,10.52222222,0.206318082745098,0.5513531211343744,0.0288903102242803,Solo Instrumental,,False
28947963691,Mendelssohn: Symphonies Nos. 3 & 4,50,55.40555556,1.1081111112000002,2.9466313880270563,0.1567105762075361,Orchestral,Romantic,False
28948675463,Fischer-Dieskau Lieder A-Z: Weber – Zemlinsky (Complete Lieder Recordings on DG & Decca),50,40.30833333,0.8061666666,2.143716437616299,0.1140091833438829,Song,Romantic,False
28948652037,Bernstein: Haydn - Liszt,50,38.99444444,0.7798888888000001,2.073839938689013,0.1102929443685042,Choral Music | Orchestral,Classical,False
28948621811,Tchaikovsky: The Nutcracker,50,23.6,0.472,1.2551178316790177,0.0667508801440101,Orchestral,Romantic,True
28948661725,Karajan A-Z: Offenbach - Ponchielli,50,14.51111111,0.2902222222,0.7717438267642583,0.0410436202737297,Orchestral,Baroque | Romantic,False
28947793373,Pergolesi: Stabat Mater - A tribute to Pergolesi,50,12.54444444,0.2508888888,0.6671506739470637,0.0354810469189675,Song,Baroque,True
28947781295,Gulda Plays Bach,49,64.26388889,1.3115079365306124,3.469923842547484,0.1873582766472303,Solo Instrumental,Baroque,False
28947982241,"Respighi: Fountains of Rome, P. 106; Pines of Rome, P. 141; Ancient Airs & Dances, Suite III, P. 172 / Quintettino Op. 30 No. 6, G.324 / Albinoni: Adagio in G Minor",49,26.96944444,0.5503968253061224,1.456213122159462,0.0786281179008746,Orchestral,20th Century,False
28941771926,Elgar: Enigma Variations; Pomp & Circumstance Marches; Cockaigne Overture,49,24.89166667,0.5079931973469387,1.3440236678925566,0.0725704567638483,Orchestral,Romantic,False
28948758852,Keel Road,49,22.10833333,0.451190476122449,1.1937377937408264,0.064455782303207,Chamber Music,,False
28948675470,Fischer-Dieskau Lieder A-Z: Shostakovich – Tchaikovsky (Complete Lieder Recordings on DG & Decca),49,21.96111111,0.4481859410204082,1.1857885410554625,0.0640265630029154,Song | Orchestral,Romantic,False
28947755739,Mahler: Symphony No. 6,48,134.6638889,2.8054976854166664,7.384485194350482,0.4049387109715461,Orchestral,,False
28947567035,"Tchaikovsky, Wieniawski, Brahms, Schumann Violin Concertos",48,38.03055556,0.7923032408333334,2.08545941127758,0.1143591223437344,Concerto,Romantic,False
28947218524,"Bach: Goldberg Variations, BWV 988",48,36.99166667,0.7706597222916667,2.0284904666744943,0.111235149529674,Solo Instrumental,,False
28947953487,"Beethoven: Symphony No.9, Overtures ""Egmont"" & ""Leonore III""",48,35.35555556,0.7365740741666666,1.9387719952505835,0.1063153099995561,Orchestral,Classical,False
28947987000,"Brahms: Symphony No. 2 in D Major, Op. 73 / Rossini: Overture From ""Semiramide"" / Paganini: Moto perpetuo, Op.11",48,27.72222222,0.57754629625,1.520187343543173,0.0833616274023522,Orchestral,Romantic,False
602458909661,"Silent, Listening",48,24.6,0.5125000000000001,1.348975863276305,0.0739730032399208,,,False
28948638567,Mikhail Pletnev - Concerti & Encores (Live),48,20.50833333,0.427256944375,1.1246035226908522,0.0616692279620108,Solo Instrumental | Concerto,Romantic | 20th Century,False
28948614912,"Tchaikovsky: Ballet Suites (Nutcracker, Swan Lake & Sleeping Beauty)",48,20.39166667,0.4248263889583333,1.1182059410490202,0.0613184075059876,Orchestral,Romantic,True
28948654352,"Esa-Pekka Salonen in Verbier (Bartók: The Miraculous Mandarin – Schumann: Symphonie No. 3 ""Rhenish"" – Sibelius: Symphonie No. 5) (Live)",48,19.77222222,0.41192129625,1.08423782675266,0.0594557178187192,Orchestral,Romantic | 20th Century,False
28947461623,Vivaldi: The Four Seasons; Concerto for Oboe & Violin RV 548; Concerto for 2 Violins RV 516,48,18.15277778,0.3781828704166667,0.99543329579831,0.0545859955094919,Concerto,Baroque,True
28948630028,Yuja Wang Plays Mendelssohn (Live),48,15.89166667,0.3310763889583333,0.8714420636204279,0.0477867605718557,Chamber Music | Concerto,Romantic,False
28948376261,Wilhelm Furtwängler: Beethoven 5 – his first ever recording (Vol. 2),48,2.919444444,0.0608217592499999,0.1600918735419557,0.0087788647688935,Orchestral,Classical,False
28941334725,Wagner: Parsifal,47,50.30833333,1.070390070851064,2.80263496801059,0.1561324385841211,Opera,,False
602448798275,C.P.E. Bach: Sonatas & Rondos,47,49.925,1.0622340425531915,2.781279790370044,0.1549427595857954,Solo Instrumental,,False
28948620876,Bruckner: Symphonies Nos. 1 & 5 / Wagner: Tristan und Isolde: Prelude & Liebestod,47,46.60277778,0.9915484634042552,2.5962015826664024,0.1446322081842121,Orchestral,Romantic,True
28947967095,Accardo Plays Paganini - The Complete Recordings,47,41.81666667,0.8897163121276594,2.3295713552310784,0.1297784623040391,Concerto | Solo Instrumental,Romantic,False
28948354955,Daniel Barenboim & Orchestre de Paris,47,36.33333333,0.773049645319149,2.024099463345165,0.112760879941928,Orchestral | Choral Music,Romantic,True
28947900610,Mozart: Piano Concertos Nos.20 & 21,47,32.60555556,0.693735224680851,1.8164280968015147,0.1011916826498623,Concerto,Classical,False
28948650743,The Lost Tapes – Beethoven: Piano Sonatas Nos. 21 & 23,47,28.55833333,0.6076241134042554,1.5909607478694092,0.0886310861356274,Solo Instrumental,Classical,False
28948377497,"Beethoven: Piano Concerto No.5 in E-Flat Major, Op.  73",47,27.08888889,0.5763593380851064,1.509099233116407,0.0840706499495161,Concerto,Classical,False
602448610362,At First Light,47,23.71388889,0.5045508274468085,1.3210808196462236,0.0735963021557843,,,False
602445766123,Bordeaux Concert (Live),47,17.73333333,0.3773049644680851,0.9879090957761548,0.0550355854342506,,,False
28948703579,"Beethoven: Triple Concerto, Op. 56",47,15.34444444,0.3264775412765957,0.8548261034637554,0.0476216437825641,Concerto | Song,Classical,False
28947762973,The Mozart Album,47,12.75,0.2712765957446808,0.7102917842206923,0.0395697583318756,Opera,Classical,False
28947986904,"Beethoven: Symphony No. 5 in C Minor, Op. 67; Piano Concerto No. 5 in E-Flat Major, Op. 73 ""Emperor""",46,45.41666667,0.987318840652174,2.571265261948533,0.1455722212143416,Orchestral | Concerto,Classical,False
28942357129,Liszt: Piano Concertos Nos. 1 & 2; Totentanz,46,38.00833333,0.8262681158695652,2.151842359240003,0.1218265873122299,Concerto,Romantic,False
28948358618,Sibelius: Essentials,46,30.85555556,0.6707729469565217,1.7468877389444688,0.0989000754350546,Orchestral,20th Century,True
28947986928,"Brahms: Symphony No.1 in C Minor, Op. 68",46,28.60555556,0.6218599034782608,1.619503955334349,0.0916882406231302,Orchestral,Romantic,False
28948638789,Hélène Grimaud plays Valentin Silvestrov,46,25.58888889,0.5562801932608695,1.4487153267498432,0.0820190398646068,Solo Instrumental | Concerto,Contemporary,True
28944995824,Arvo Pärt: Alina,46,24.11666667,0.5242753623913043,1.3653654437727367,0.0773001849947915,Chamber Music | Solo Instrumental,20th Century,False
28947977155,Beethoven: 9 Symphonies (Remastered 2017 / Live),45,80.70833333,1.7935185184444444,4.645248948126376,0.2673619550764325,Orchestral,Classical,False
28948384402,"J.S. Bach: The Well-Tempered Clavier, Book 1, BWV 846-869",45,27.10833333,0.6024074073333333,1.5602472717626328,0.0898015941964492,Solo Instrumental,Baroque,False
28947775584,Horowitz in Hamburg,45,22.21666667,0.4937037037777777,1.2787024985105315,0.0735970028260353,Solo Instrumental,Romantic,False
28947780946,Air - a baroque journey,45,20.53611111,0.4563580246666667,1.1819764403048898,0.0680298376821461,Chamber Music | Orchestral,Baroque,False
602455725547,Uncle John's Band,45,19.175,0.4261111111111111,1.1036363273185592,0.063520894027494,,,False
28948637553,TÁR (MUSIC FROM AND INSPIRED BY THE MOTION PICTURE),45,9.025,0.2005555555555555,0.5194429128578877,0.0298970570324971,Orchestral | Chamber Music,Contemporary | 20th Century,True
28948358823,Bach Reworks (Pt. 2),45,8.427777778,0.1872839506222222,0.4850691897975951,0.0279186429790668,Solo Instrumental,,True
28947935780,"Fricsay: Complete Recordings on Deutsche Grammophon, Vol. 1: Orchestral Works (Pt. 1)",44,66.80555556,1.518308080909091,3.910417003068141,0.2288935554790919,Concerto | Orchestral,Classical | 20th Century,True
28946377420,Karajan conducts Tchaikovsky,44,43.75833333,0.994507575681818,2.561363785469511,0.1499276581682985,Orchestral,Romantic,True
28947791287,Puccini: Madama Butterfly,44,37.28888889,0.8474747475000001,2.182679328368341,0.1277616253072128,Opera,20th Century,False
28947967170,"Mozart: Violin Concerto No. 3 in G Major, K. 216; Violin Concerto No. 5 in A Major, K. 219",44,31.97222222,0.7266414140909091,1.8714719209643085,0.1095453148942187,Concerto,Classical,False
28948666171,Portraits of the Verbier Festival Chamber Orchestra (Vol. 1 / Live),44,30.81388889,0.7003156565909091,1.8036696804038743,0.1055765576237921,Orchestral | Concerto,Classical | Romantic,False
28943460729,Wagner: Tannhäuser,44,29.38888889,0.6679292929545455,1.720258290697409,0.1006941296008,Opera,Romantic,False
28947986911,"Tchaikovsky: Symphony No. 5 in E Minor, Op. 64",44,28.65277778,0.6511994950000001,1.677170535845852,0.0981720176629053,Orchestral,Romantic,False
28948172535,"Schubert: Piano Sonatas D. 958 & D. 959; Impromptus, D. 899",44,25.45833333,0.5785984847727272,1.4901859387127947,0.0872270035572408,Solo Instrumental,Romantic,False
28948382408,Serenata Latina,44,6.808333333,0.1547348484772727,0.3985210841336021,0.0233271561087095,Song,,False
28948644711,Mozart: Sonatas for Piano & Violin,43,39.09722222,0.9092377260465117,2.328330145125189,0.1386574533145615,Chamber Music,Classical,True
28948634880,Nielsen: The Concertos,43,25.48611111,0.5927002583720931,1.5177569507500168,0.0903859420375095,Concerto,20th Century,True
28943502528,Horowitz the Poet,43,23.94166667,0.5567829458139535,1.4257817069107377,0.084908603222204,Solo Instrumental,Romantic,False
28947941927,Mahler: Symphony No.5 In C Sharp Minor,43,21.38611111,0.4973514211627907,1.273592453812176,0.0758453806802147,Orchestral,20th Century,False
28948600281,Beethoven: Violin Concerto,43,20.00833333,0.4653100774418604,1.1915425956302648,0.0709591215712372,Concerto,Classical,False
28948362196,Sol y Vida,43,14.75833333,0.3432170541860465,0.8788929349171758,0.0523401100771402,Song,20th Century | Romantic,False
28947973430,Mendelssohn: Symphonies 1-5 (Live),42,62.52222222,1.4886243385714286,3.7896354811583848,0.2296997222766747,Orchestral,Romantic,False
28947795056,Rachmaninov: Symphonies Nos.1-3; The Bells; Symphonic Dances,42,39.76944444,0.9468915342857144,2.410530086174232,0.1461085357910307,Orchestral,20th Century,False
4260183516354,Bruckner: Symphonies Nos. 1 & 2,42,33.26666667,0.7920634921428571,2.01637971070346,0.1222180502203159,Orchestral,Romantic,True
28947968610,Bach Sonatas BWV 1014-1019,42,28.49166667,0.678373015952381,1.7269544666860974,0.1046752288853399,Chamber Music,Baroque,False
28942543027,Rossini: Arias,42,21.78888889,0.5187830688095237,1.320681567299572,0.0800499654209239,Opera,Romantic,False
28948355389,Bach: The Cello Suites - Recomposed by Peter Gregson,42,16.53333333,0.3936507935714286,1.0021285933938533,0.0607416361633073,Chamber Music,,True
28948609901,"Mahler: Symphony No. 8 in E Flat Major ""Symphony of a Thousand""",42,13.96111111,0.3324074073809523,0.8462194742963908,0.0512915765110947,Orchestral | Choral Music,20th Century,True
28947131724,Vivaldi: Concertos (5 CDs),41,69.18611111,1.6874661246341462,4.270030994794472,0.263537932743702,Concerto,Baroque,False
28947858195,Brahms: The Symphonies,41,44.11111111,1.075880758780488,2.7224512063563333,0.1680243454423167,Orchestral,Romantic,True
28947785712,Bach - Violin and Voice,41,39.03055556,0.9519647697560976,2.408889288780373,0.1486719192782305,Choral Music,Baroque,False
28947922469,Brahms: Piano Concertos (Live),41,34.78888889,0.8485094851219512,2.147101946495878,0.1325149182896593,Concerto,Romantic,False
28947912538,Schubert,41,29.78888889,0.7265582656097561,1.8385117593696283,0.1134693375715366,Solo Instrumental,Romantic,False
28945886022,Mahler 5,41,27.51388889,0.6710704607317073,1.6981032242271852,0.1048035983447908,Orchestral,20th Century,True
28948656165,"Longer shadows, softer stones",41,22.48611111,0.5484417343902439,1.387798647035306,0.085652208836436,,Contemporary,False
28948375417,20th Century Classics,41,18.44166667,0.4497967480487805,1.1381834737230423,0.0702464502280395,Chamber Music | Solo Instrumental,Contemporary | 20th Century,False
28941949929,Vladimir Horowitz - Horowitz in Moscow,41,11.98055556,0.292208672195122,0.7394163764273649,0.0456353275931867,Solo Instrumental,Classical | Romantic,False
28947750857,James Galway - Wings of Song,41,11.23333333,0.2739837397560976,0.6932992868712462,0.0427890713340185,Song | Opera,Romantic,False
28948395149,Beethoven: Piano Sonatas Nos. 1-6,40,55.14444444,1.378611111,3.467023395007464,0.2179775559187605,Solo Instrumental,,False
602448795878,"Bach: 6 Partitas, BWV 825-830 (2018 Recording)",40,49.50555556,1.237638889,3.1124970258084947,0.1956878905020156,Solo Instrumental,,False
28942326828,"Prokofiev: Romeo & Juliet, op.64 (2 CDs)",40,40.18333333,1.00458333325,2.5263933322617254,0.1588385716256981,Orchestral,,True
28945348520,Wagner: Preludes and Orchestral Music,40,35.09166667,0.87729166675,2.2062717387074224,0.1387119919607704,Opera,Romantic,False
28947866091,Brahms: The Violin Sonatas,40,33.7,0.8425,2.118775329015746,0.133210946434593,Chamber Music,,False
28947797760,Respighi: Orchestral Works - Pini di Roma; Fontane di Roma; Feste romane; Gli uccelli; Antiche danz ed arie; Suites 1 & 3; Trittico botticelliano,40,26.30277778,0.6575694445,1.6536996037046752,0.103970858217584,Orchestral,20th Century,False
28947783626,Liszt: 12 Études d'exécution transcendante,40,24.1,0.6025,1.515207282767937,0.0952636145125724,Solo Instrumental,,True
28948356768,O Crux Benedicta. Lent and Holy Week at the Sistine Chapel,40,22.08333333,0.5520833332499999,1.3884160783986683,0.0872920395643884,Choral Music,,True
28947860235,Britten: War Requiem,40,17.13333333,0.42833333325,1.0772013045521422,0.0677254465420966,Choral Music,Contemporary,False
28948645275,Tchaikovsky: Piano Concerto No. 1; The Nutcracker Suite (For 2 Pianos),40,16.50277778,0.4125694445,1.0375572231600367,0.0652329568805214,Orchestral | Concerto,Romantic,True
28948352456,"Brahms: Piano Concerto No. 2 in B Flat, Op. 83 / Grieg: Piano Concerto in A Minor, Op. 16",40,15.23333333,0.38083333325,0.9577451287322636,0.0602150370991967,Concerto,Romantic,False
28947963431,Dvorák: Slavonic Dances,40,13.59444444,0.339861111,0.8547054448411655,0.0537367599437653,Orchestral,Romantic,False
28948374281,Midnight at Notre-Dame,40,13.53611111,0.33840277775,0.8510379308808291,0.0535061772108875,Solo Instrumental | Choral Music,Romantic,True
28948676187,Wolf: Der Corregidor,40,11.36388889,0.28409722225,0.7144666890744252,0.0449197149618533,Opera,,False
28948557851,Wolfgang Amadeus Mozart: The Piano Sonatas,40,7.636111111,0.190902777775,0.480095069187235,0.0301843794710985,Solo Instrumental,Classical,False
28947145127,Mahler/Sinopoli: The Complete Recordings (15 CD's),39,53.34444444,1.3678062676923075,3.418147041512501,0.219024292408596,Orchestral | Song,20th Century | Romantic,False
28947435822,"Brahms: Complete String Quartets, Quintets & Sextets (5 CDs)",39,46.18333333,1.184188034102564,2.959285186045612,0.1896218436589191,Chamber Music,Romantic,False
28948657384,Enescu: Symphonies Nos. 1-3; 2 Romanian Rhapsodies,39,43.56944444,1.117165242051282,2.791795268960707,0.1788896077048851,Orchestral,20th Century,True
28948395231,Beethoven: Piano Sonatas Nos. 20-26,39,33.06388889,0.8477920228205128,2.1186317558779613,0.135755371424929,Solo Instrumental,Classical,False
28947450221,German Overtures,39,24.775,0.6352564102564102,1.5875053877207876,0.101722436167206,Opera | Orchestral,Romantic,False
28943461627,Wagner: Parsifal,39,23.40833333,0.6002136751282051,1.4999336136806898,0.0961111076868458,Opera,,False
28947912675,Stravinsky / Stokowski - The Rite Of Spring / Bach Transcriptions,39,21.05555556,0.53988604,1.3491748897257068,0.0864509548503394,Orchestral,20th Century,False
28948616718,"Mozart: Piano Concertos Nos. 1, 20 & 21",39,20.33055556,0.5212962964102564,1.3027191316592055,0.0834742135296038,Concerto,Classical,False
28942766426,Handel: Messiah - Arias and Choruses,39,18.61666667,0.4773504274358974,1.1928984314844406,0.0764372426633794,Choral Music,Baroque,False
28947775218,"Bach, J.S.: Toccata & Fuge",39,17.38333333,0.4457264956410256,1.113870244921144,0.0713733608490086,Solo Instrumental,Baroque,False
28948550951,Les enfants terribles,39,17.08888889,0.4381766382051282,1.0950031557229831,0.0701644161163067,Opera,Contemporary,True
28947984139,Brahms: 8 Hungarian Dances / Dvorak: 5 Slavonic Dances; Scherzo Capriccioso,39,13.41944444,0.344088318974359,0.8598765024710301,0.05509822726326,Orchestral,Romantic,True
28948382903,John Adams: Must the Devil Have All the Good Tunes?,39,12.93611111,0.3316951566666666,0.8289059973069521,0.0531137330631224,Concerto,20th Century,True
28948357864,Handel: Serse,39,12.28333333,0.3149572648717949,0.7870780157636862,0.0504335253514203,Opera,,False
28948755059,Russian Variations,39,9.683333333,0.2482905982820513,0.6204780559932914,0.0397583151100654,Solo Instrumental,Romantic,True
602448796905,Saint-Saëns: Piano Concertos Nos. 1-5 etc. (Hyperion Romantic Piano Concerto 27),38,57.63611111,1.5167397660526316,3.7657975837958495,0.2460476803345981,Concerto,,False
28946376126,Prokofiev: 7 Symphonies; Lieutenant Kijé (4 CD's),38,34.54722222,0.9091374268421052,2.2572280373781504,0.1474815653854909,Orchestral,20th Century,False
28947952657,From Sleep,38,32.48333333,0.8548245613157895,2.1223787624096904,0.138670855154128,Chamber Music,,True
28948597338,Bach: The French Suites,38,30.95833333,0.814692982368421,2.0227391232201497,0.1321606533850645,Solo Instrumental,Baroque,True
42282774729,Solo-Concerts Bremen / Lausanne (Live),38,29.31944444,0.7715643273684211,1.9156582722881192,0.1251642616795061,,,False
28948597444,Mozart: Piano Sonatas K. 310-311 & 330-333,38,27.40277778,0.7211257310526316,1.7904281251084326,0.1169820409053179,Solo Instrumental,Classical,True
28948376452,The Peace Concert Versailles (Live at Versailles / 2018),38,19.56944444,0.51498538,1.2786179561582698,0.0835416602051657,Orchestral | Song,20th Century | Classical,False
28944551723,"Mozart: Piano Sonatas K. 281, K. 330 & K. 333; Rondo K. 485; Adagio K. 540",38,18.96111111,0.4989766081578947,1.23887099648078,0.0809446944863813,Solo Instrumental,Classical,False
28947934301,Water,38,16.41388889,0.4319444444736842,1.0724419453749563,0.0700706416320588,Solo Instrumental,20th Century,False
28948675500,Fischer-Dieskau Lieder A-Z: Sampler (Complete Lieder Recordings on DG & Decca),38,12.575,0.3309210526315789,0.8216186641367035,0.0536824834399826,Song,Classical,False
28948754984,"Tchaikovsky, Korngold: String Sextets",38,11.63611111,0.3062134502631579,0.76027404102938,0.0496743810710435,Chamber Music,,True
28948758760,"Im wachen Traume: Byrd, Schumann, Purcell",38,7.861111111,0.2068713450263157,0.5136250981829039,0.0335589635814012,Chamber Music | Song,Romantic,False
28948196999,Piano Book EP: Around the World,38,7.113888889,0.1872076023421052,0.4648034899242241,0.0303690832984189,Solo Instrumental,,True
28948392391,Bizet: Carmen,37,55.99166667,1.5132882883783785,3.732261819169569,0.2487830621104629,Opera,Romantic,True
28947905455,Chopin: Piano Concertos Nos. 1&2,37,43.31666667,1.1707207208108108,2.8873786183035235,0.1924653009186952,Concerto,Romantic,False
28941381521,Puccini: Tosca,36,61.91388889,1.7198302469444444,4.212706549218677,0.2866383744907407,Opera,Romantic,False
28948620388,"J.S. Bach: The Well-Tempered Clavier, Book 2, BWV 870-893",33,38.75833333,1.1744949493939394,2.815008033077125,0.2044533277223029,Solo Instrumental,Baroque,False
28948315079,Wagner: Lohengrin,32,71.99444444,2.24982638875,5.351019098044755,0.3977168739943916,Opera,,False
28947772088,"Bach: The Well-tempered Clavier, Book One & Two, BWV 846-893",31,37.80833333,1.2196236558064515,2.8778374694379614,0.2190508750601171,Solo Instrumental,Baroque,False
28947781868,Bellini: Norma,30,32.61666667,1.0872222223333334,2.544477613543728,0.1984987120642879,Opera,Romantic,False
602448796394,Haydn: Cello Concertos; C.P.E. Bach: Cello Concerto,30,32.10277778,1.0700925926666665,2.504388330672388,0.1953712838742401,Concerto,,False
28946315125,Schubert: The String Quartets,30,30.62222222,1.0207407406666666,2.3888878561406752,0.186360909675888,Chamber Music,Classical,False
28947948216,"New Seasons - Glass, Pärt, Kancheli, Umebayashi",30,30.13888889,1.0046296296666666,2.3511822607005466,0.1834194367021648,Concerto | Chamber Music,Contemporary,False
602458154030,"Albinoni: Sonatas, Op. 4 ""da Chiesa"" & Sonatas, Op. 6 ""Trattenimenti armonici""",28,32.15,1.1482142857142856,2.6412679027281163,0.2169921037008331,Chamber Music,,False
28948531509,Wagner: Die Walküre (2022 Remaster),28,30.97222222,1.1061507935714283,2.544508131441636,0.2090428508804817,Opera,Romantic,False
28942310421,Mendelssohn: Overtures,27,107.9583333,3.998456788888889,9.114510467200962,0.7695033678026956,Orchestral,,True
28947984979,Bruckner: Symphony No. 7 / Wagner: Siegfried's Funeral March (Live),27,37.74444444,1.3979423866666667,3.186619535622871,0.2690341377511959,Orchestral,Romantic,True
28946373125,"Haydn: The ""Sturm & Drang"" Symphonies (6 CDs)",27,35.31388889,1.3079218107407409,2.98141699752859,0.2517096698367165,Orchestral,Classical,False
42284793629,Bach: Das Wohltemperierte Klavier - Buch II (BWV 870-893) (Set),27,28.04722222,1.038786008148148,2.3679200362395867,0.19991446047825,Solo Instrumental,Baroque,False
28948359783,Verdi: Macbeth,27,27.80555556,1.029835391111111,2.347517041539561,0.1981919134263345,Opera,,False
28947786801,"Mozart, W. A.: The String Quartets",26,33.4,1.2846153846153845,2.900791110361451,0.251933804369821,Chamber Music,Classical,False
28947461326,"Schubert: The Late Piano Sonatas D 958, 959 & 960; 3 Piano Pieces D 946; Allegretto D 915",25,56.89722222,2.2758888888,5.08904226459326,0.45517777776,Solo Instrumental,Romantic,False
602448796820,Rachmaninoff: Complete Solo Piano Music,25,38.60277778,1.5441111112,3.4527374094559367,0.30882222224,Solo Instrumental,,False
28948624737,"J.S. Bach: St. Matthew Passion, BWV 244",25,28.25277778,1.1301111112,2.527005266771024,0.22602222224,Choral Music,Baroque,True
28948376421,Beethoven: Complete Piano Concertos (Live at Konzerthaus Berlin / 2018),25,27.48055556,1.0992222224,2.457935611664792,0.2198444444799999,Concerto,Classical,False
28948351992,J.S. Bach: Cantatas - Easter,25,25.81944444,1.0327777776,2.30936131636476,0.20655555552,Choral Music,,False
28947980926,Tchaikovsky: Violin Concerto; Rococo Variations,24,43.18055556,1.799189815,3.9822616767389336,0.367258083096872,Chamber Music,Romantic,False
28943780827,Wagner: Lohengrin (3 CDs),24,30.58055556,1.274189815,2.820245661053596,0.2600929068501079,Opera,,False
28947928409,Giulini In Vienna,24,26.36666667,1.09861111125,2.431626107204508,0.2242530540262087,Orchestral,Romantic,True
28947901358,Vivaldi: Stravaganza – 55 Concertos,23,60.34722222,2.6237922704347825,5.745944241906218,0.5470985078771906,Concerto,Baroque,True
28948754540,Hindemith: Mathis der Maler & The Four Temperaments - Schnittke: Piano Concerto,23,34.68888889,1.5082125604347827,3.3028930585898992,0.3144840583125792,Orchestral,Contemporary,False
602458132250,"Haydn: Piano Concertos Nos. 3, 4 & 11",23,32.06111111,1.3939613526086956,3.0526899166962185,0.2906610346574095,Concerto,,False
28948640478,Abbado A-Z: Berg - Bizet,23,28.76388889,1.2506038647826088,2.738745805727424,0.2607689320826588,Orchestral,Romantic,True
28944977226,Wagner: Tristan und Isolde (3 CDs),22,47.98055556,2.1809343436363635,4.7233297024259375,0.4649767643878258,Opera,Romantic,False
28946328422,Shostakovich: The String Quartets (5 CD's),22,26.06111111,1.1845959595454545,2.5655230279723256,0.2525567071670526,Chamber Music,Contemporary | 20th Century,True
28948388240,Franz Schmidt: Complete Symphonies,21,25.40833333,1.209920634761905,2.59007122616326,0.2640263282707356,Orchestral,,False
602458135916,"Bach: Goldberg Variations, BWV 988 (1999 Version)",20,35.525,1.77625,3.756311413372604,0.3971815745034001,Solo Instrumental,,False
28947158226,Gluck: Orphée et Eurydice,20,32.80555556,1.6402777780000002,3.4687651730346825,0.3667772613590309,Concerto,,False
28947436423,"Haydn: The 12 ""London"" Symphonies",20,25.89166667,1.2945833335,2.737710429943984,0.289477633624428,Orchestral,Classical,False
28941547125,"J.S. Bach: Cello Sonatas, BWV 1027-1029",20,24.31944444,1.215972222,2.57146816936954,0.2718996547143465,Chamber Music,Baroque,False
602448806598,Mendelssohn: Piano Concertos Nos. 1 & 2 etc. (Hyperion Romantic Piano Concerto 17),20,23.99166667,1.1995833335,2.5368098898902773,0.26823498783818,Concerto,,False
28947434924,Mozart: The Late Symphonies; Symphonies Nos. 25 & 29 (3 CDs),19,48.60555556,2.558187134736842,5.340977036820597,0.5868883788938823,Orchestral,Classical,True
42281196621,Standards Vol.1,19,23.14444444,1.2181286547368422,2.5432061183092083,0.2794578792752128,,,False
28944377422,Stravinsky: Pulcinella; Petrushka,19,22.33333333,1.1754385963157894,2.454077915516168,0.2696641081935698,Orchestral,20th Century,False
602448800237,"Shostakovich: 24 Preludes & Fugues, Op. 87",18,25.61388889,1.4229938272222222,2.931035931294975,0.3354028616051439,Solo Instrumental,,False
28942507227,"Shostakovich: Symphony No. 11 ""The Year 1905""",18,23.07777778,1.2820987655555556,2.640824912535208,0.302193577091745,Orchestral,,False
602527586816,RE: ECM,18,22.03333333,1.224074073888889,2.5213075591048666,0.2885170261071588,,,False
28947762805,French Opera Arias,17,63.375,3.727941176470588,7.569745549474616,0.9041585433339766,Opera,Romantic,False
28946936221,Mozart: Complete Wind Concertos (3 CD's),17,36.66111111,2.156535947647059,4.378939371419596,0.5230367939759001,Concerto,Classical,False
28945376424,Beethoven: The Middle Quartets (Complete Beethoven Edition Vol.12),17,35.28333333,2.075490195882353,4.214372472511194,0.5033803119151076,Chamber Music,,False
28947755227,"Kurkikotaus, Op. 44, No. 2 - From Incidental Music To Kuolema",17,32.4416666672,1.908333333364706,3.874953244521913,0.4628388177852777,Orchestral,,False
602458143676,"Corelli: 12 Concerti Grossi, Op. 6",17,25.07777778,1.4751633988235295,2.995382986049206,0.357779676964386,Concerto,,False
28946316528,Dvorák: The String Quartets,16,39.825,2.4890625,4.978125,0.622265625,Chamber Music,Romantic,False
28947762737,Bel Canto,16,24.12222222,1.50763888875,3.0152777775,0.3769097221875,Opera,Romantic,False
602448806666,Moszkowski & Paderewski: Piano Concertos (Hyperion Romantic Piano Concerto 1),16,20.18333333,1.261458333125,2.52291666625,0.31536458328125,Concerto,,False
28948616688,"Mozart: Piano Concertos Nos. 2, 11, 12 & 14",16,20.03333333,1.252083333125,2.50416666625,0.31302083328125,Concerto,Classical,False
28944707526,Beethoven:The String Quartets,16,18.46944444,1.1543402775,2.308680555,0.288585069375,Chamber Music,,False
28947143529,Mozart: The Wind Concertos; Serenades; Divertimenti,15,26.04444444,1.736296296,3.4170131767844247,0.4483097758993082,Chamber Music | Orchestral,Classical,False
28946836927,Mendelssohn & Tchaikovsky: Violin Concertos,15,25.53611111,1.7024074073333333,3.3503201939177605,0.4395597024708097,Concerto,Romantic,False
602448795847,"A Golden Cello Decade, 1878-1888: Dvořák, R. Strauss, Bruch, Le Beau",15,25.18888889,1.6792592593333333,3.304764877744837,0.4335828763575067,Chamber Music,,False
28941925022,Monteverdi: L'Orfeo (2 CD's),15,25.05555556,1.6703703706666666,3.2872716366598085,0.4312877751726873,Opera,,False
28947474722,Bach: Organ Works – The 1947-1952 Recordings,14,50.975,3.6410714285714287,7.043057073081746,0.9731172718918452,Solo Instrumental,Baroque,False
602448805713,"Haydn: Piano Sonatas, Vol. 2",14,22.22222222,1.587301587142857,3.0703752699591043,0.4242241934693623,Solo Instrumental,,False
602458136951,"Debussy, Fauré & Ravel: Piano Trios",14,20.27777778,1.4484126985714287,2.8017174344248925,0.387104576621926,Chamber Music,,False
28947865483,Verdi: Requiem,13,46.24166667,3.5570512823076923,6.754231852295444,0.98654852213964,Choral Music,,False
28947663553,Bach: Inventionen und Sinfonien / Französische Suite V,13,31.03055556,2.386965812307692,4.532439720511818,0.6620252022349952,Solo Instrumental,Baroque,False
28947175827,"Handel: Concerti grossi Op. 6, Water Music, Fireworks Music (3 CDs)",13,23.73611111,1.8258547007692307,3.466985713401964,0.5064009803977246,Orchestral,,False
602458143812,"Concertos for the Kingdom of the Two Sicilies: Scarlatti, Pergolesi, Porpora & Durante",13,21.67222222,1.6670940169230768,3.1655263352199814,0.4623686891565681,Concerto,,False
28947176220,"Haydn, J.: String Quartets Op. 76, 77 & 103",13,21.55555556,1.6581196584615383,3.1484855638157763,0.4598796499567626,Chamber Music,Classical,False
28948605491,"Shostakovich: Symphonies Nos. 1, 14 & 15; Chamber Symphony in C Minor",13,19.14444444,1.4726495723076924,2.7963096000395185,0.4084395033650383,Orchestral,,True
28948352050,J.S. Bach: Cantatas - Sundays After Trinity,13,17.16111111,1.32008547,2.5066164701010165,0.3661258346215369,Choral Music,Baroque,False
28948360444,Mary Queen Of Scots (Original Motion Picture Soundtrack),12,23.96111111,1.9967592591666667,3.716387738075217,0.5764147478933764,Orchestral | Choral Music,,False
602458143805,Fauré: The Complete Music for Piano,12,21.025,1.7520833333333332,3.260994527103607,0.5057828920713284,Solo Instrumental,,False
28944702224,Vivaldi / Boccherini: Cello Concertos,12,17.33333333,1.4444444441666666,2.6884140368890628,0.4169751943345421,Concerto,,False
28947946588,"Brahms: Symphonies Nos. 1-4; Overtures (Live At Semperoper, Dresden)",12,15.83055556,1.3192129633333334,2.45533198773696,0.3808239797494719,Orchestral,Romantic,False
28947147923,Chopin: Recital,12,14.93888889,1.2449074075,2.317033765103395,0.359373813418142,Solo Instrumental,Romantic,False
28945307626,IV. Rondeau. Allegro - Cadenza: Thomas Brandis,11,24.1055555564,2.191414141490909,3.990916406498153,0.6607362243276496,Orchestral,Classical,False
28943967228,Wilhelm Kempff Plays Bach & Bach Transcriptions,11,21.37777778,1.943434343636364,3.539305446707371,0.5859675020484034,Solo Instrumental | Concerto,Baroque,False
28947755142,Nielsen: The Six Symphonies (3 CD's),11,19.26388889,1.7512626263636364,3.189329946956845,0.5280255491836857,Orchestral,20th Century,False
28944440829,"Prokofiev: Piano Sonatas Nos. 6, 7 & 8",11,17.76388889,1.61489899,2.9409899078425896,0.4869103658321725,Solo Instrumental,,False
602458143508,Chopin: Complete Nocturnes,11,16.66111111,1.5146464645454545,2.758413989829568,0.456683092085056,Solo Instrumental,,False
602458136616,C.P.E. Bach: 3 Cello Concertos,11,16.16388889,1.4694444445454544,2.6760938661207168,0.443054170257225,Concerto,,False
28945375120,Beethoven: Piano Trios (Complete Beethoven Edition Vol.9),11,16.12777778,1.4661616163636362,2.670115309807477,0.4420643603181072,Chamber Music,,False
28941389329,Puccini: Manon Lescaut,10,83.66388889,8.366388889,14.877777097687115,2.6456844679965648,Opera,Romantic,False
731453995529,Tokyo '96,10,38.27222222,3.827222222000001,6.805870475026016,1.2102739333130588,,,False
602458146448,Vivaldi: 7 Cello Concertos,10,30.5,3.05,5.423752200618714,0.9644946863513556,Chamber Music,,False
28947103325,"Dvořák: Stabat Mater, Op. 58",10,21.34722222,2.134722222,3.7961325735351377,0.6750584393295603,Choral Music,,False
602458135602,Albéniz: Concierto fantástico – Granados: Concerto Patético (Hyperion Romantic Piano Concerto 65),10,21.22222222,2.122222222,3.773904080909652,0.67110559225435,Concerto,,False
28944774429,Bruckner: Symphony No. 8 / Strauss: Metamorphosen,10,20.21388889,2.021388889,3.594594240990153,0.639219292619728,Orchestral,Romantic,False
4009350830523,Handel: The Great Oratorios,10,17.72222222,1.772222222,3.1515062873960287,0.5604258741484566,Choral Music,Baroque,False
28946358924,"J.S. Bach: Christmas Cantatas, BWV 63, 64, 121 & 133",10,17.05555556,1.7055555559999998,3.0329543279122864,0.5393440232914859,Choral Music,,False
28946935828,Handel: The Organ Concertos (3 CD's),10,14.35833333,1.4358333330000002,2.5533128523214605,0.4540503672671006,Concerto,Baroque,False
28947833772,Mozart: Clarinet Concerto; Oboe Concerto; Bassoon Concerto,10,13.81388889,1.381388889,2.456495418565243,0.4368335223689517,Concerto,Classical,False
28947975298,Beethoven: Fidelio Op.72 (Live),10,13.81111111,1.381111111,2.456001451667281,0.4367456812525631,Opera,Classical,False
28947798033,Bruckner: 10 Symphonies,9,24.74722222,2.749691357777778,4.762605136804162,0.916563785925926,Orchestral,Romantic,False
28942723627,Bach: Christmas Oratorio,9,19.39166667,2.15462963,3.731927990653331,0.7182098766666667,Choral Music,Baroque,False
602458143461,Brahms: Complete Variations for Solo Piano,9,12.91111111,1.4345679011111112,2.484744491631889,0.4781893003703704,Solo Instrumental,,False
602458145953,Scriabin: Early Piano Works,9,12.525,1.3916666666666666,2.410437373866688,0.4638888888888888,Solo Instrumental,,False
28941986122,Handel: Water Music; Music for the Royal Fireworks,9,12.01944444,1.3354938266666665,2.31314316098125,0.4451646088888888,Orchestral,,False
28948647811,FRANCK & MARTIN: Piano Quintets,8,736.1944444,92.02430555,154.765817306415,32.535505244193914,,,False
28946981023,III. Scherzo (Bewegt) - Trio (Nicht zu schnell. Keinesfalls schleppend),8,50.4388888893,6.3048611111625,10.603470214098197,2.229105023071177,Orchestral,Romantic,False
28946983720,Schubert: Octet; Violin Works (4 CD's),8,21.37222222,2.6715277775,4.492956262700946,0.944527703799238,Chamber Music,,False
28944582321,Berlioz: Les nuits d'été; Mélodies,8,19.75277778,2.4690972225,4.152510006626306,0.8729576947193097,Song,Romantic,False
28948354979,Seiji Ozawa & Boston Symphony Orchestra,8,16.81944444,2.102430555,3.535852634038755,0.7433214512071483,Orchestral,20th Century,True
28944981728,Schubert: Songs without Words,8,16.14166667,2.01770833375,3.3933674097558404,0.7133676226256173,Song,Romantic,False
602458139976,Vaughan Williams: A Sea Symphony (Symphony No. 1),8,14.21666667,1.77708333375,2.9886860099149906,0.6282938380141108,Orchestral,,False
602448804709,"Bruckner: Mass No. 2 in E Minor; Locus iste, Os iusti & Other Motets",8,13.19166667,1.64895833375,2.7732063035062264,0.5829948098443476,Choral Music,,False
602458145243,Mendelssohn: Songs Without Words,8,13.10555556,1.638194445,2.755103672578097,0.5791892004808163,Solo Instrumental,,False
602508145070,Angular Blues,8,13.09722222,1.6371527775,2.7533518036448243,0.5788209154043205,,,False
28945915128,Schubert: The Late String Quartets; String Quintet,8,12.66388889,1.58298611125,2.662254692693085,0.5596701068944988,Chamber Music,Classical | Romantic,False
28947941910,"Scherzo No. 3 In C Sharp Minor, Op. 39",8,12.0388888885,1.5048611110625,2.5308646274943567,0.532048748188108,Solo Instrumental,Romantic,False
28948631889,Carl Seemann plays Mozart,8,11.73333333,1.46666666625,2.4666294840434824,0.518544972722821,Solo Instrumental,Classical,False
44003831728,Up For It,7,27.80277778,3.971825397142857,6.46047809814857,1.5012088931157646,,,False
28946951026,Mozart: The Piano Concertos (8 CD's),7,17.82222222,2.5460317457142856,4.141315562917353,0.9623095470336628,Concerto,Classical,False
602465387094,Tartini: Violin Concertos,7,13.54444444,1.934920634285714,3.147296552474556,0.7313312578524795,Concerto,,False
602458138801,Prokofiev: Piano Concertos Nos. 2 & 3,7,11.73055556,1.6757936514285716,2.725806675655664,0.6333904643344087,Concerto,,False
28947911487,Great Wagner Conductors,7,11.67777778,1.6682539685714286,2.7135428042376,0.630540732076652,Opera,Romantic,False
28947774754,Beethoven: The Piano Concertos,7,11.64444444,1.6634920628571428,2.7057972000137283,0.6287409008928322,Concerto,Classical,False
28948680191,Beethoven 2020 – Keyboard Works 1: Sonatas,7,10.81944444,1.54563492,2.514093533813632,0.584195088002459,Solo Instrumental,,True
602458136142,"Beethoven: Cello Sonatas Nos. 1-3, Op. 5 & Op. 69",7,9.963888889,1.423412698428571,2.3152897328869124,0.537999430436197,Chamber Music,,False
602465386448,"Locatelli: L'Arte del Violino – 12 Concertos, Op. 3",6,23.40555556,3.9009259266666665,6.105279015834099,1.5925463407878273,Concerto,,False
602465386431,"Locatelli: Concerti grossi, Op. 1",6,17.81111111,2.968518518333333,4.6459825587055015,1.211892610319903,Chamber Music,,False
42284302821,"Sapporo, November 18, 1976, Part II (Live)",6,17.57222222179,2.9287037036316668,4.583669006157448,1.1956382802828125,,,False
602448800053,Mozart: Piano Quartets Nos. 1 & 2,6,15.55277778,2.59212963,4.056902113464076,1.0582324901082258,Chamber Music,,False
602527766454,Rio,6,14.80833333,2.468055555,3.862715691894719,1.0075794610985906,,,False
28948613144,Classical Hits,6,12.73888889,2.123148148333333,3.322906428167652,0.8667716019585996,Concerto,,False
602458157109,Schubert: Trout Quintet – Hummel: Piano Quintet,6,10.06388889,1.677314815,2.6251395528849786,0.6847609057934607,Chamber Music,,False
28945789125,"Beethoven: Piano Concertos Nos. 2 & 5 ""Emperor""",6,9.936111111,1.6560185185,2.59180904762016,0.6760667291541241,Concerto,Classical,False
602465386646,Mozart: Wind Serenades & Overtures,6,9.602777778,1.600462963,2.504859904369704,0.6533862685954789,Chamber Music,,False
4260085538782,Mahler: Symphony No. 7,6,9.091666667,1.5152777778333333,2.3715378846146664,0.6186095623783396,Orchestral,,False
602458143379,"Berwald: Symphonies Nos. 1-4, Overtures",5,10.97777778,2.195555556,3.283121324768079,0.9818822943186692,,,False
602537527731,Travel Guide,5,10.0,2.0,2.990697562442441,0.8944271909999159,,,False
28947798842,Martha Argerich - Lugano Concertos,5,9.047222222,1.8094444444,2.7057505446210484,0.8092081558375477,Concerto,20th Century | Romantic,False
28947922322,Great Recordings,5,8.227777778,1.6455555556,2.4606794944982684,0.735914816614807,,,True
28946232125,Schumann: Piano Concerto; Fantasy Op.17,5,8.144444444,1.6288888888,2.435757014611868,0.7284612566301791,Concerto | Solo Instrumental,Romantic,False
28947923411,Pollini / Schubert,5,7.886111111,1.5772222222,2.358497327681796,0.7053552208924956,Solo Instrumental,Romantic,False
28947421825,Schubert: Die schöne Müllerin,5,7.866666667,1.5733333334,2.35268208255441,0.703616056949748,Song,Romantic,False
28942016026,R. Strauss: Metamorphosen; Sonatina No. 1 for Winds,4,18.12222222,4.530555555,6.407173110965766,2.2652777775,Chamber Music,,False
28942141223,Verdi: Ernani (2 CDs),4,13.71388889,3.4284722225,4.848591915278928,1.71423611125,Opera,,False
602458144031,"English Music for Viola: Rebecca Clarke, Britten & Vaughan Williams",4,11.59166667,2.8979166675,4.098273053805544,1.44895833375,,,False
731451390227,If You Look Far Enough,4,11.46944444,2.86736111,4.055060969983172,1.433680555,,,False
602537527748,Dance Without Answer,4,11.34166667,2.8354166675,4.009884706157225,1.41770833375,,,False
28948361519,DG 120 – Chamber Music 2 (1984-2007),4,11.17222222,2.793055555,3.949977046342513,1.3965277775,,,False
4009350932555,Heinrich Schütz: Psalmen Davids (Complete Recording Vol. 8),4,9.777777778,2.4444444445,3.456966485879467,1.22222222225,,,False
28947795292,The Art of Maurizio Pollini,4,9.322222222,2.3305555555,3.295903274452063,1.16527777775,,,True
602567102427,Ravensburg,4,9.102777778,2.2756944445,3.218317947229007,1.13784722225,,,False
28947901143,Messiaen: Orchestral Works,4,8.997222222,2.2493055555,3.1809984225092487,1.12465277775,,,False
28948657698,"Brahms: Piano Quintet in F Minor, Op. 34 / Schoenberg: Chamber Symphony No. 1, Op. 9",4,8.95,2.2375,3.1643028458098,1.11875,Chamber Music,Romantic,False
28947133124,Chaminade: Songs; Chamber Music,4,8.691666667,2.17291666675,3.072968220024389,1.086458333375,,,False
602465385519,Harp Music of the Italian Renaissance,4,8.405555556,2.101388889,2.97181266664393,1.0506944445,Solo Instrumental,,False
28948376605,Beethoven 2020 – Chamber Music 3: Quartets,4,8.208333333,2.05208333325,2.902084081001938,1.026041666625,Chamber Music,,False
28948677146,"Fischer-Dieskau Lieder A-Z: Brahms (Complete Lieder Recordings on DG & Decca, Pt. 1)",4,8.022222222,2.0055555555,2.8362838666808066,1.00277777775,,,False
602438563098,When We Leave,4,7.85,1.9625,2.775394116157199,0.98125,,,False
28945302522,Dvořák: Stabat Mater; Legends (2 CD's),4,7.3,1.825,2.5809397513308987,0.9125,,,False
28947633167,Silvestrov: Sacred Works,4,7.125,1.78125,2.519067907977076,0.890625,Choral Music,,False
4009350930445,Meister der Dresdner Kirchenmusik,3,27.08611111,9.028703703333331,11.882442314604928,5.212724513552871,,,False
602448804693,Bruckner: Mass No. 2 in E Minor & Other Works,3,20.44444444,6.814814813333334,8.968800678911691,3.93453516695545,,,False
28947781165,"Haydn, J.: 27 String Quartets",3,16.84444444,5.614814813333333,7.389511863368699,3.241714843927898,Chamber Music,,False
602547768322,The Magical Forest,3,14.10277778,4.700925926666667,6.186766448900614,2.714080849201491,,,False
42284164122,Pancha Nadai Pallavi,3,11.79722222,3.9324074066666665,5.175339196255903,2.270376474802278,,,False
602455943217,Wind and Sun,3,10.57777778,3.5259259266666665,4.640379483681435,2.035694282903681,,,False
602448805683,"Haydn: 7 Last Words ""Die Worte des Erlösers am Kreuze""",3,10.48611111,3.49537037,4.600166109601138,2.018053024036942,Orchestral,,False
28948620432,"Symphonische Fantasie aus Die Frau ohne Schatten, TrV 234a",3,9.694444444186,3.2314814813953334,4.252868801001621,1.8656967031648863,,,False
28947759393,Pierre Fournier - Aristocrat of the Cello,3,8.533333333,2.844444444333333,3.7434994144741927,1.6422407656307856,,,False
28947751670,Schubert / Mendelssohn / Schumann,3,8.344444444,2.781481481333333,3.660635495091403,1.6058890819937592,,,False
28947782735,Handel: Alcina,3,7.583333333,2.5277777776666666,3.326742643705903,1.459413180387404,,,False
602517674202,The Codona Trilogy,3,7.547222222,2.5157407406666668,3.3109010121172555,1.4524635938352086,,,False
28947935520,Wagner: Parsifal - Highlights,3,7.541666667,2.513888889,3.308463838262913,1.4513944267769594,,,False
28944996623,Schnittke: Praeludium In Memoriam Dmitri Shostakovich / Shostakovich: Symphony No. 15,3,6.494444444,2.164814814666667,2.849056520437366,1.24985641599349,,,False
602465385946,Liszt: Complete Piano Music 22 – The Beethoven Symphonies,3,6.333333333,2.111111111,2.7783784716423647,1.21885056822506,,,False
28947754428,Shostakovich: Chamber Symphonies,3,6.272222222,2.0907407406666665,2.751569556612446,1.2070897294296177,,,False
28947788409,Giulini in America (Complete Los Angeles Philharmonic Recordings),3,6.25,2.083333333333333,2.741820860317693,1.2028130608117205,,,False
602448799890,"Handel: 9 German Arias, HWV 202-210",3,6.1,2.033333333333333,2.676017159670068,1.173945547352239,Song,,False
602465387346,Violin Masters of the 17th Century,3,5.916666667,1.9722222223333328,2.595590414580313,1.138663030965912,,,False
602567871088,Last Night The Moon Came Dropping Its Clothes In The Street,3,5.413888889,1.8046296296666664,2.3750261586083803,1.0419034024756246,,,False
602458138184,Mendelssohn: The Complete Solo Piano Music 5,3,5.327777778,1.775925926,2.337249960137191,1.0253313114369356,Solo Instrumental,,False
28945946627,V. Thema con Variazioni: Andante quasi Allegretto - Variations I-IV - Marcia. Allegro,3,5.26388888871,1.75462962957,2.3092224578335347,1.0130358889603328,Chamber Music,,False
602465386455,"Locatelli: Sonatas (Overtures & Concertos), Op. 4",2,40.38888889,20.194444445,24.01537701752117,14.279628609354504,,,False
28942733428,Brahms: Die schöne Magelone op. 33,2,15.10555556,7.55277778,8.981817074010456,5.340620385033078,,,False
28947775782,Beethoven: 9 Symphonies; Overtures,2,11.08888889,5.544444445,6.593492782731313,3.920514264971584,,,True
602537270842,The Gift,2,10.60277778,5.30138889,6.304449387384378,3.748648033826024,,,False
28943990028,Beethoven: 9 Symphonies (5 CDs),2,9.391666667,4.6958333335,5.584318411065146,3.3204555934396804,,,False
28947751595,The Romantic Piano I,2,8.633333333,4.3166666665,5.133410712896878,3.0523442720040785,,,True
28942348127,Beethoven: 9 Symphonies (6 CD's),2,7.725,3.8625,4.5933124816980095,2.73119994233304,,,False
28943721028,Paganini: The 6 Violin Concertos (3 CD's),2,7.702777778,3.851388889,4.580099069441225,2.723343200398423,,,False
28947775812,Mendelssohn: 5 Symphonies,2,7.316666667,3.6583333335,4.350516029249822,2.586832307958637,,,False
602517727151,New York Days,2,7.138888889,3.5694444445,4.244808730006335,2.523978371774599,,,False
602547143266,Nomad Songs,2,6.913888889,3.4569444445,4.111022929568529,2.4444288588911123,,,False
28947636298,Peter-Anthony Togni: Lamentatio Jeremiae Prophetae,2,5.833333333,2.9166666665,3.468520751893068,2.062394778342912,,,False
28947900139,Debussy: Nocturnes / Ravel:  Daphnis et Chloé Suite No.2; Pavane / Scriabin: Le Poème de l'exstase,2,5.672222222,2.836111111,3.372723512139472,2.005433398786613,,,False
602567870586,Sagn,2,5.666666667,2.8333333335,3.3694201593725777,2.003469213479736,,,False
602448806444,MacDowell: Piano Concertos Nos. 1 & 2 etc. (Hyperion Romantic Piano Concerto 25),2,5.597222222,2.798611111,3.32812824532687,1.9789168944921176,,,False
28947955658,"""Tochter Zion, freue dich"" Based On ""See, the Conqu'ring hero comes"" From Handel's Judas Maccabaeus,",2,5.180555555462,2.590277777731,3.080376763111142,1.8316029817904107,,,False
28947704522,Schubert: The Late Quartets; Quintet (3 CD's),2,5.122222222,2.561111111,3.045691555513724,1.810979033960313,,,False
28947972044,Pollini Plays Beethoven,2,5.047222222,2.523611111,3.0010962887011217,1.784462529665817,,,False
28942732421,Scriabin: Symphonies Nos. 3 & 4,2,4.538888889,2.2694444445,2.698839480502797,1.6047395562320872,,,False
28945948720,Purcell: Choral Works,2,4.477777778,2.238888889,2.6625025964993374,1.5831335157351154,,,False
602517486720,Holon,2,4.469444444,2.234722222,2.6575475664570902,1.580187237244469,,,False
28942987029,Mozart: Don Giovanni (3 CDs),2,4.347222222,2.173611111,2.584873798450169,1.5369751562505254,,,False
4009350931480,Heinichen: Missa Nr. 9; Zelenka: Te Deum,2,4.308333333,2.1541666665,2.561750326703494,1.52322585768817,,,False
602458138634,Palestrina: Missa Aeterna Christi munera & Other Sacred Music,2,4.244444444,2.122222222,2.523761766019284,1.5006377243609823,,,False
602465385366,From a Spanish Palace Songbook: Music from the Time of Christopher Columbus,2,4.136111111,2.0680555555,2.4593463808215046,1.4623361071645624,,,False
28947758648,Beethoven: The Symphonies,2,3.947222222,1.973611111,2.347032375449625,1.395553800013216,,,False
